Details about   STERLING SILVER RING SOLID 925 ETERNITY TWO HEARTS SIZE 3.5 - 11 EMPRESS R001248,US $7.00,New without tags,2019-10-28 21:29:31.771550
Details about   European Women Girls 925 Sterling Silver Only Eternal Love Finger Rings Size 6-8,US $7.00,New without tags,2019-10-28 21:29:33.131264
Details about    Natural Handmade Labradorite Gemstone 18K gp Earrings Jewelry,US $7.00,New without tags,2019-10-28 21:29:34.542723
Details about   925 Sterling Silver Delicate Spider Long Dangle Earrings w/Clear & Yellow CZ,US $7.00,New without tags,2019-10-28 21:29:36.047578
Details about   Natural Blue Sapphire 36inch 8mm long chain necklace,US $7.00,New without tags,2019-10-28 21:29:37.265338
Details about   High Polished TTstyle Stainless Steel Concave Cuff Band Ring Choose Size,US $7.00,New without tags,2019-10-28 21:29:39.187099
Details about   Fashion Women Jewelry Pendant Metal Choker Chunky Statement Chain Bib Necklace,US $7.00,New without tags,2019-10-28 21:29:40.748590
Details about   925 Sterling Silver Stud Earrings Blue Iceberg Thai Silver Elegant Women Jewelry,US $7.00,New without tags,2019-10-28 21:29:42.266229
"Details about   Handmade Round Graduated Gemstone Jade Beads Jewelry Necklace 18"" 6-14mm",US $7.00,New without tags,2019-10-28 21:29:44.158361
Details about   Puzzle ring 925 solid silver 6 band pusselring ANATOLIAN design 2 line stones,US $7.00,New without tags,2019-10-28 21:29:45.895812
Details about   New Women Girls 18K Rose GOLD Plated 5mm Cute Plain Fashion Stud Earrings,US $7.00,New without tags,2019-10-28 21:29:47.405536
"Details about   Stunning Long 36"" 8/10/12mm Round Natural Red Jade Beads Necklace AAA",US $7.00,New without tags,2019-10-28 21:29:48.821973
Details about   Vocheng Angel Locket Heart Brass Material Necklace Stainless Steel Chain VA-053,US $7.00,New without tags,2019-10-28 21:29:50.351995
Details about   BAMOER S925 Sterling silver Stud Earrings Romantic notes & CZ For Women Jewelry,US $7.00,New without tags,2019-10-28 21:29:52.044165
Details about   Punk Cool Men Womens Wide Genuine Leather Belt Bracelet Cuff Wristband Bangle,US $7.00,New without tags,2019-10-28 21:29:53.640915
Details about   Women's 1.65'' Oval Abalone Shell Design Tassel Pendent Necklace Long BBF Gift,US $7.00,New without tags,2019-10-28 21:29:55.181878
Details about   Sterling Silver 925 Italian Women's Anklet Bracelet Choker Necklace Body Chain,US $7.00,New without tags,2019-10-28 21:29:56.957335
Details about   BAMOER Women Stud Earrings S925 Sterling Silver Red AAA Zircon Love rose Jewelry,US $7.00,New without tags,2019-10-28 21:29:58.577912
"Details about   NEW 7-8MM WHITE PEARL & 10MM JADE NECKLACE 18""",US $7.00,New without tags,2019-10-28 21:30:00.193287
Details about   10x Silver Cute Tiger Shape Pearl Cage Locket Pendant Oil Diffuser Wholesale,US $7.00,New without tags,2019-10-28 21:30:01.874511
Details about   BAMOER .925 Sterling Silver Stud Earrings Love is infinite With AAA CZ For Women,US $7.00,New without tags,2019-10-28 21:30:03.461488
Details about   Tree of Life Hollow Retro Mens Womens 316L Stainless Steel Band Ring Sizes 7-12,US $7.00,New without tags,2019-10-28 21:30:05.222179
Details about   Fashion Jewelry 10.5mm Genuine Freshwater Pearl Stud Sliver Plated Earrings,US $7.00,New without tags,2019-10-28 21:30:06.665909
Details about   Natural 6mm-14mm Blue Lapis Lazuli Gemstone Beads Necklace 18'' AAA,US $7.00,New without tags,2019-10-28 21:30:07.981497
Details about   9-10mm Freshwater Pearl Gold Plated Frame Pendant Jewelry 12x22mm Free Shipping,US $7.00,New without tags,2019-10-28 21:30:09.690967
Details about   Genuine 17-19inch Fashion jewelry 3 rows 4mm 6mm Russia Amethyst beads Necklace,US $7.00,New without tags,2019-10-28 21:30:11.151697
Details about   Chain Women's Crystal Flower Statement Bib Big Chunky Necklace Collar Jewelry,US $7.00,New without tags,2019-10-28 21:30:12.696480
Details about   24/36/60 Inche 8-9mm Natural White Baroque Freshwater Pearl Necklace Earring Set,US $7.00,New without tags,2019-10-28 21:30:14.328965
"Details about   Stainless Steel Wheat Chain Necklace Cool Hip Hop Mens Chain 3MM 6MM 9MM 18-30""",US $7.00,New without tags,2019-10-28 21:30:15.932866
"Details about   7-8mm White Freshwater Pearl and Black 10mm Agate Round Beads Necklace 18""",US $7.00,New without tags,2019-10-28 21:30:17.297607
"Details about   Natural 8mm 10mm 12mm Lavender Purple Jade Round Gemstone Beads Necklace 36"" AAA",US $7.00,New without tags,2019-10-28 21:30:18.793624
Details about   Twisted Rope Link Womens Mens Necklace Chain White Yellow Gold Plated 2/3/4/6mm,US $7.00,New without tags,2019-10-28 21:30:20.696570
Details about   Elegant Women 925 Sterling Silver Open Ring Butterfly Wrap Cuff Wedding Jewelry,US $7.00,New without tags,2019-10-28 21:30:21.944603
Details about   Natural 3 Strand 8-9mm Freshwater Women Baroque Pearl Beads Bracelet Xmas Gift,US $7.00,New without tags,2019-10-28 21:30:23.543068
Details about   Wedding Women Stud Earrings 925 Sterling Silver Fine CZ Crystal Hoop Round Studs,US $7.00,New without tags,2019-10-28 21:30:24.946234
Details about   Shiny Sakura 925 Sterling Silver Earrings Stud Women Fashion Jewelry Ear Simple,US $7.00,New without tags,2019-10-28 21:30:26.364092
Details about   925 Sterling Silver Sea Crab Stud Earrings Animal Cartilage Helix CZ Ear Studs,US $7.00,New without tags,2019-10-28 21:30:27.887993
Details about   ORSA JEWELS 925 Sterling Silver Rings Women Classic Round Full Pave AAA Cubic,US $7.00,New without tags,2019-10-28 21:30:29.509771
Details about    Heart Shaped Multicolor Opal 925 Silver Women Wedding  Ring Jewelry Size 6-10,US $7.00,New without tags,2019-10-28 21:30:31.043477
"Details about   SALE Luxury 8mm Round Green jade 3 Strands 18 to 20"" necklace -nec5773 free ship",US $7.00,New without tags,2019-10-28 21:30:32.461773
"Details about   13x18mm Natural Blue Sapphire Gemstone +Freshwater Pearl Necklace 18""+earings",US $7.00,New without tags,2019-10-28 21:30:34.209014
Details about   7-8mm Black Tahitian Pearl Necklace & Shell Pearl Drop 20'',US $7.00,New without tags,2019-10-28 21:30:35.787417
Details about   Lovely kitty Hot 925 Sterling Silver Stud Earrings European Women Ladies Jewelry,US $7.00,New without tags,2019-10-28 21:30:37.151673
Details about   Boho Handmade Women Lampwork Glass Crystal Elastic Bracelet Bangle Jewelry,US $7.00,New without tags,2019-10-28 21:30:38.952777
Details about   36'' Long 8/10/12mm Natural Round Yellow Jade Gemstone Beads Necklace AAA,US $7.00,New without tags,2019-10-28 21:30:40.571926
Details about   Natural 8mm Egyptian Blue Lapis Lazuli & Real White Pearl Necklaces,US $7.00,New without tags,2019-10-28 21:30:42.232750
"Details about   Long 25"" 36"" 6/8/10/12/14mm Faceted White Opal Moonstone Round Beads Necklace",US $7.00,New without tags,2019-10-28 21:30:43.713747
Details about   New 925 Sterling Silver Shinny Zircon Stud Ear Earrings Jewelry For Women Girls,US $7.00,New without tags,2019-10-28 21:30:45.130595
Details about   925 Sterling Silver Clear CZ SPARKLING Bowknot BOW STUD POST Ear Stud Earrings,US $7.00,New without tags,2019-10-28 21:30:46.943393
Details about   6-7mm Colorful Pearl White Gold Plated Ring #6-#9 Sent at Random For Women Gifts,US $7.00,New without tags,2019-10-28 21:30:48.488048
Details about   Bamoer .925 Sterling Silver Ring with CZ Modern Fashionable Flower For Women,US $7.00,New without tags,2019-10-28 21:30:49.926906
Details about   11/13/15MM Cool Stainless Steel Gold Rolo Link Chain Men Women Necklace Jewelry,US $7.00,New without tags,2019-10-28 21:30:51.836367
Details about   Authentic 925 Silver Simple Earrings Simple Hollow Circle Ear Stud Women Jewelry,US $7.00,New without tags,2019-10-28 21:30:53.237643
Details about   Solid 925 Sterling Silver Wide Finger Women Wrap Ring Opening Adjustable Band,US $7.00,New without tags,2019-10-28 21:30:54.707383
Details about   Bamoer S925 Sterling Silver CZ Ring with Pearl Glory crown For Women Jewelry,US $7.00,New without tags,2019-10-28 21:30:56.237477
Details about   NEW Elegant 925 Sterling Silver Natural Crystal Flower Stud Drop Tassel Earrings,US $7.00,New without tags,2019-10-28 21:30:57.618167
Details about   Wostu Sterling Silver Star Ring 925 With CZ Platinum Plated Adjustable Wedding,US $7.00,New without tags,2019-10-28 21:30:58.937712
Details about   8mm Grade A Gemstone Round Beads Stretch Bracelet 7“,US $7.00,New without tags,2019-10-28 21:31:00.442558
Details about   Lovely Bowknot 925 Sterling Silver Ear Stud Elegant Earrings Fashion Women Gifts,US $7.00,New without tags,2019-10-28 21:31:01.924921
"Details about   8mm Fashion A grade Amenthyst round gemstone beads stretchable bracelet 7.5""",US $7.00,New without tags,2019-10-28 21:31:03.353804
Details about   BAMOER S925 Sterling silver Rose Gold Stud Earrings Sakura With AAA CZ For Women,US $7.00,New without tags,2019-10-28 21:31:04.777004
Details about   Long Colorful Cotton Rhinestones Tassel Bohemian Fringe Dangle Stud Earrings,US $7.00,New without tags,2019-10-28 21:31:06.515014
Details about   European Women Girls 925 Sterling Silver The lucky Eye  Finger Rings Size 6-8,US $7.00,New without tags,2019-10-28 21:31:07.898492
Details about   Fashion Women 925 Sterling Silver Elegant Delicate Double Layer Ring Jewelry,US $7.00,New without tags,2019-10-28 21:31:09.364265
Details about   5pcs Mix Color Rhinestone Bead 18MM Ginger Snap Button Elastic Bracelet Jewelry,US $7.00,New without tags,2019-10-28 21:31:10.844377
Details about   Shining Heart 925 Sterling Silver CZ Stud Earrings For European Women Present,US $7.00,New without tags,2019-10-28 21:31:12.381366
Details about   Vocheng Bola Ball 3 Colors Brass Material Necklace Stainless Steel Chain VA-054,US $7.00,New without tags,2019-10-28 21:31:13.754398
Details about   Silver Plated Women Open Finger Rings Fashion European Jewelry Gifts With CZ,US $7.00,New without tags,2019-10-28 21:31:15.360024
Details about   Bamoer S925 Sterling Silver Finger Ring natural flavor For Women Retro Jewelry,US $7.00,New without tags,2019-10-28 21:31:16.723375
Details about   Simple 925 Sterling Silver Gold Accessory Necklace Jewelry For Women Girls 45cm,US $7.00,New without tags,2019-10-28 21:31:18.119020
Details about   STERLING SILVER RING SOLID 925 WITH 5mm CUBIC ZIRCONIA EMPRESS R000458,US $7.00,New without tags,2019-10-28 21:31:19.451442
Details about   BAMOER Women Necklace Real S925 Sterling Silver Hollow Cute cat Pendant Jewelry,US $7.00,New without tags,2019-10-28 21:31:20.726743
Details about   925 Sterling Silver Cute Cat and Fish Stud Earrings Jewelry For Women Girls,US $7.00,New without tags,2019-10-28 21:31:22.336030
Details about   7-8mmx8-9mm Freshwater Pearl Bracelet White Gold Plated Adjustable Size Gift,US $7.00,New without tags,2019-10-28 21:31:23.787514
Details about   Natural Baltic Amber Bracelet Anklet for Adult Chips 11-27cm 11 Color Elastic,US $7.00,New without tags,2019-10-28 21:31:25.681289
Details about   Wrapped Natural Blue Turquoise Pave Crystal Pendant Bead DW48(Random Send),US $7.00,New without tags,2019-10-28 21:31:27.216549
Details about   53mm Colorful Cotton Rhinestones Tassel Bohemian Fringe Dangle Stud Earrings,US $7.00,New without tags,2019-10-28 21:31:28.930756
Details about   Natural 8mm 10mm 12mm pink rose quartz gemstone round beads necklace 36'' AAA,US $7.00,New without tags,2019-10-28 21:31:30.301330
Details about   925 Sterling Silver High Quality Hemp Rope Opening Adjusting Finger Ring,US $7.00,New without tags,2019-10-28 21:31:31.508769
Details about   Cute Cat Authentic 925 Sterling Silver Asymmetric Hook Earrings For Women Girls,US $7.00,New without tags,2019-10-28 21:31:32.920103
"Details about   Fashion 25"" 12mm Natural Faceted Yellow Jade Round Gemstone Beads Necklace",US $7.00,New without tags,2019-10-28 21:31:34.467186
Details about   Kv6s Women's Design Rainbow Druzy Teardrop Pendent Necklace Earrings Jewelry Set,US $7.00,New without tags,2019-10-28 21:31:35.934052
Details about   BAMOER Solid S925 Sterling silver Women Stud Earrings Retro wing Fashion Jewelry,US $7.00,New without tags,2019-10-28 21:31:37.574109
Details about   5PCS 16-30inch Fashion Jewelry 18K Gold Filled Necklaces Snake Chains  Pendants,US $7.00,New without tags,2019-10-28 21:31:38.994768
Details about   9-10MM SILVER GRAY REAL BAROQUE CULTURED PEARL NECKLACE + Earrings Jewelry Set,US $7.00,New without tags,2019-10-28 21:31:40.236811
Details about   925 Silver Plated Palpitation Dangle Heart Zircon Stud Earrings For Women Gifts,US $7.00,New without tags,2019-10-28 21:31:41.659315
Details about   European New 925 Sterling Silver Love You CZ Hoop Earrings Jewelry Present Girls,US $7.00,New without tags,2019-10-28 21:31:43.141184
"Details about   New 2017 gift 3 rows 7-8mm Pink freshwater akoya pearl bracelet 7.5"" Round",US $7.00,New without tags,2019-10-28 21:31:44.350678
Details about   Wostu Matching Hearts 925 Sterling Silver Ear Stud Earrings Jewelry With Crystal,US $7.00,New without tags,2019-10-28 21:31:45.726546
Details about   Gorgeous 10Pcs Mixed Gemstone Heart Pendant Bead WW09,US $7.00,New without tags,2019-10-28 21:31:47.093686
"Details about   6/7/12mm Stainless Steel Silver Gold Coffee Beans Chain Men Women Necklace 7-40""",US $7.00,New without tags,2019-10-28 21:31:48.782664
Details about   1x Natural Gold Rock Crystal Quartz Druzy Crystals Adjustable Reiki Finger Ring,US $7.00,New without tags,2019-10-28 21:31:50.136450
Details about   Buyless Fashion Girls Stud Earrings White Crystal CZ With Additional Push Back,US $7.00,New without tags,2019-10-28 21:31:51.548862
Details about   Genuine 925 Sterling Silver Happy Kitty  Open Finger Ring Fit Lovely Women Girls,US $7.00,New without tags,2019-10-28 21:31:52.931744
Details about   Bamoer S925 Sterling Silver Ring Box combination Retro vintage Jewelry for Women,US $7.00,New without tags,2019-10-28 21:31:54.277028
Details about   Daisy & Cherry New 925 Sterling Silver Stud Earrings Pink Enamel With CZ Jewelry,US $7.00,New without tags,2019-10-28 21:31:56.141257
Details about   New 7-8mm white real natural pearl & 10mm green jade Beads Neckalces 18'',US $7.00,New without tags,2019-10-28 21:31:57.433117
Details about   Bamoer Solid S925 Sterling Silver Open Ring Sticky Cat For Women Fashion Jewelry,US $7.00,New without tags,2019-10-28 21:31:58.829613
Details about   925 Silver Rose Gold plated Exquisite Coffee Cups Earrings For European Women,US $7.00,New without tags,2019-10-28 21:32:00.191063
Details about   Solid 925 Sterling Silver Freshwater Pearl & Clear CZ Long Stud Dangle Earrings,US $7.00,New without tags,2019-10-28 21:32:01.594897
Details about   Natural Silver Amethyst Quartz Druzy Crystals Adjustable Reiki Stone Finger Ring,US $7.00,New without tags,2019-10-28 21:32:03.167672
"Details about   Black Tone 3.5/5/7/9/11mm 18-40"" MENS Boys Stainless Steel Curb Chain Necklace",US $7.00,New without tags,2019-10-28 21:32:04.833117
Details about   New 24/36 Inches 8mm Natural Aquamarine Gemstone Round Beads Necklace,US $7.00,New without tags,2019-10-28 21:32:06.235926
Details about   1 Pair Retro Punk Man Woman Stainless Steel CZ Cross Earring Stud Screw Back,US $7.00,New without tags,2019-10-28 21:32:07.657526
"Details about   Beautiful Charming 6MM Brazilian aquamarine gems round beads necklace 36""AAA",US $7.00,New without tags,2019-10-28 21:32:08.947548
Details about   Genuine sterling silver ring band Crown solid hallmarked 925 R001927,US $7.00,New without tags,2019-10-28 21:32:10.342168
"Details about   2x3mm Rondele Bohemian Glass Crystal Tassel Pendant Necklace Fashion Jewelry 30""",US $7.00,New without tags,2019-10-28 21:32:12.109838
Details about   Silver/Gold Natural Druzy Amethyst Quartz Crystals Reiki Stone Pendants Necklace,US $7.00,New without tags,2019-10-28 21:32:13.543520
Details about   Fine 925 Sterling Silver Stud Earrings Butterfly Ear Nail Fashion Women Jewelry,US $7.00,New without tags,2019-10-28 21:32:14.826215
Details about   Fashion HOT Women Vintage Bubble Bib Statement Necklace Lady Chunky Collar Party,US $7.00,New without tags,2019-10-28 21:32:16.254640
Details about   6mm Natural Stone Onyx Bracelet Hand-Woven Double Row Beaded Bracelet,US $7.00,New without tags,2019-10-28 21:32:17.539135
Details about   Bamoer S925 Sterling Silver Stud Earrings With Pearl Pendant For Women jewelry,US $7.00,New without tags,2019-10-28 21:32:19.010220
"Details about   RARE 14MM NATURAL RED JADE ROUND BEADS GEMSTONE NECKLACE 18"" AAA+",US $7.00,New without tags,2019-10-28 21:32:20.481924
"Details about   Laser cut and engraved wooden earrings Sugar Skull, Dia de los Muertos",US $7.00,New without tags,2019-10-28 21:32:21.758950
Details about   1 Pair Mans Womans Stainless Steel Cross Enamel Earring Stud Screw Back,US $7.00,New without tags,2019-10-28 21:32:23.251036
Details about   Natural Gemstone Tree Of Life Chips Bead Healing Reiki Pendant Earrings Necklace,US $7.00,New without tags,2019-10-28 21:32:24.862928
Details about   Pure Solid Copper Therapeutic Magnetic Therapy Bracelet Pain Relief Arthritis,US $7.00,New without tags,2019-10-28 21:32:26.135143
Details about   Handmade Natural Gemstone Beads 4-12mm Graduated Adjustable Necklace Healing,US $7.00,New without tags,2019-10-28 21:32:27.767936
Details about   Soilid 925 Sterling Silver Natural Crystal Cute Fish Bone Pendant Necklace 17'',US $7.00,New without tags,2019-10-28 21:32:29.187455
Details about   Fashion S925 Sterling Silver Charm Bracelet Red Heart Chain Thai Silver Jewelry,US $7.00,New without tags,2019-10-28 21:32:30.698345
Details about   Pretty Girl 925 Sterling Silver Open Finger Ring Cute Kitten Cat Crystal Jewelry,US $7.00,New without tags,2019-10-28 21:32:32.271273
Details about   Natural Silver Rock Crystal Quartz Druzy Crystals Adjustable Reiki Finger Ring,US $7.00,New without tags,2019-10-28 21:32:33.624556
Details about   Women's New 925 Sterling Silver Sweet Pink Crystal Bead Rabbit Pendant Necklace,US $7.00,New without tags,2019-10-28 21:32:34.883186
Details about   Bamoer New S925 Sterling Silver Ring with Pearl Double worlds For Women Jewelry,US $7.00,New without tags,2019-10-28 21:32:36.305710
Details about   P03 Men's Double Band Studded Cool Leather Wristband Bracelet Coffee Brown,US $7.00,New without tags,2019-10-28 21:32:37.734781
Details about   Women's Gothic Punk Velvet Tattoo Lace Choker Collar Pendant Necklace 10PCS US,US $7.00,New without tags,2019-10-28 21:32:39.302874
Details about   New 13x18mm natural lapis lazuli heart pendant necklace 18“PN251,US $7.00,New without tags,2019-10-28 21:32:40.770066
Details about   Vocheng Angel Ball Cage Pendant Necklace Love Stainless Steel Chain VA-083,US $7.00,New without tags,2019-10-28 21:32:42.162188
Details about   1 Pair 925 Sterling Silver Plated Clear CZ Stud Dangle Earrings for Women,US $7.00,New without tags,2019-10-28 21:32:43.557861
Details about   Natural Blue Tiger's Eye Brazil Gemstone Round Beads Bracelet 8/10/12/14mm,US $7.00,New without tags,2019-10-28 21:32:45.032716
Details about   European 925 Sterling Silver Stud Earrings Carrot Rabbit Enamel Jewelry Present,US $7.00,New without tags,2019-10-28 21:32:46.813055
Details about   2019 Simple Woven Leather Password Sieve Single Double Layer 3 Color Bracelet,US $7.00,New without tags,2019-10-28 21:32:48.449321
Details about   25 inches 6-12mm red Ruby Gemstone round Gems beads long necklace AAA,US $7.00,New without tags,2019-10-28 21:32:49.849934
Details about   BAMOER Shine S925 Sterling silver Stud Circle Earrings With CZ For Women Jewelry,US $7.00,New without tags,2019-10-28 21:32:51.507668
Details about   925 Sterling Silver Threader Stud Earrings With Red Heart Charm Elegant Jewelry,US $7.00,New without tags,2019-10-28 21:32:52.887595
Details about   Natural 7-8mm Rice Akoya Multi-Color Cultured Real Pearl Pendant Necklace 18'',US $7.00,New without tags,2019-10-28 21:32:54.372509
Details about   5 Pcs Carved Mixed Stone Leaf Pendant Fit European Bracelet Necklace Lx42,US $7.00,New without tags,2019-10-28 21:32:55.673834
Details about   Kv8zt Women's Big Style Polyester Thread Handcrafted MARIELA HOOP Drop EARRINGS,US $7.00,New without tags,2019-10-28 21:32:57.231114
Details about   Handmade Natural Gemstone Round Beads Stretch Bracelet Multi Layer Boho J TXA,US $7.00,New without tags,2019-10-28 21:32:58.669179
Details about   Shiny 925 Sterling Silver Cute Triangle Mountain Stud Earrings For Women Girls,US $7.00,New without tags,2019-10-28 21:33:00.727899
Details about   BAMOER S925 Sterling Silver Stud Earrings Dagnle With Pave CZ For Women Jewellry,US $7.00,New without tags,2019-10-28 21:33:01.952236
Details about   BAMOER Simple S925 sterling silver Ring Love shape with AAA CZ For Women Jewelry,US $7.00,New without tags,2019-10-28 21:33:03.535261
Details about   New charming 6mm Tibetan Buddhist Lapis Lazuli Mala / Rosary 108 Beads,US $7.00,New without tags,2019-10-28 21:33:04.998071
Details about   BAMOER Genuine 925 Sterling silver Women Ear line Earring The key of heart & CZ,US $7.00,New without tags,2019-10-28 21:33:06.256425
Details about   BAMOER S925 Sterling silver Women Stud Earrings Yellow Enamel Cute owl Jewelry,US $7.00,New without tags,2019-10-28 21:33:07.835821
Details about   Bamoer S925 Sterling Silver Open Ring hummingbirds  And Leaves With CZ For Women,US $7.00,New without tags,2019-10-28 21:33:09.299740
Details about   Infinity Charm 925 Sterling Silver Finger Ring With Pink CZ Fashion Jewelry Size,US $7.00,New without tags,2019-10-28 21:33:10.957885
Details about   BAMOER S925 Sterling silver Rose Gold Stud Earrings Elk With AAA CZ For Women,US $7.00,New without tags,2019-10-28 21:33:12.400885
Details about   Stretch cuff bracelet fashion jewelry gifts women her mom A1 2 row gold silver,US $7.00,New without tags,2019-10-28 21:33:13.992447
"Details about   Natural 7-8mm Black Akoya Cultured Pearl Necklace 18""",US $7.00,New without tags,2019-10-28 21:33:15.458499
Details about   Genuine sterling silver ring solid 925 Knot R001760 Empress,US $7.00,New without tags,2019-10-28 21:33:16.828042
Details about   Natural 8/10/12mm Multi-color Tiger's Eye Round Gemstone Beads Necklace 18-36'',US $7.00,New without tags,2019-10-28 21:33:18.370623
Details about   Braided Leather Bracelet Men Boy Punk Style Bangle Accessories Jewelry Gifts,US $7.00,New without tags,2019-10-28 21:33:19.915404
Details about   Women Chic Personality Ethnic Tassel Earrings Style Hot Beaded Earring Jewelry,US $7.00,New without tags,2019-10-28 21:33:21.120565
Details about   Natural 9-10mm South Sea Multi-color Baroque Pearl Necklace Earrings Set 18'' AA,US $7.00,New without tags,2019-10-28 21:33:22.754192
Details about   Christmas Gift Women's 925 Sterling Silver Crystal Snowflake Dangle Earrings,US $7.00,New without tags,2019-10-28 21:33:24.412585
Details about   Fashion 925 Silver Gentle Pearls Embellished Hook Earrings Jewelry For Women New,US $7.00,New without tags,2019-10-28 21:33:25.708811
Details about   Beautiful! 7-9MM Natural Pink Akoya pearl pendant necklace AAA,US $7.00,New without tags,2019-10-28 21:33:27.100954
Details about   BAMOER Women Finger Opened Ring S925 Sterling Silver The feather Gift Jewelry,US $7.00,New without tags,2019-10-28 21:33:28.350612
Details about   Women's Crystal Flower Statement Bib Big Chunky Necklace Chain Collar Jewelry,US $7.00,New without tags,2019-10-28 21:33:30.165475
Details about   21cm DIY European 925 Silver Pink Crystal Beads Women Charm Bracelet Jewelry,US $7.00,New without tags,2019-10-28 21:33:31.367698
Details about   European Fashion Women Hearts Dating 925 Silver Hoop Earrings Jewelry Present,US $7.00,New without tags,2019-10-28 21:33:32.869163
Details about   Celtic Tree of Life Earrings Real 925 Sterling Silver Fashion Jewellery Ear Stud,US $7.00,New without tags,2019-10-28 21:33:34.418015
Details about   BAMOER Simple S925 Sterling silver Women Hollow Stud Earrings Whale myth Jewelry,US $7.00,New without tags,2019-10-28 21:33:36.666793
Details about   Bamoer S925 Sterling Silver Ring Green Leaves with CZ & glass For women Jewelry,US $7.00,New without tags,2019-10-28 21:33:38.163078
